[
  {
    "op": "core/mass-edit",
    "description": "Mass edit cells in column event",
    "engineConfig": {
      "mode": "row-based",
      "facets": []
    },
    "columnName": "event",
    "expression": "value",
    "edits": [
      {
        "fromBlank": false,
        "fromError": false,
        "from": [
          "DINNER",
          "dinner",
          "[DINNER]",
          "Dinner",
          "(DINNER)",
          "DINNER;",
          "DINNER (?)",
          "DINNER(?)",
          "dinner ",
          "[DINNER?]",
          "(?DINNER?)",
          "DINNER,",
          "DINNER?",
          "[?DINNER?]",
          "[DINNER ?]"
        ],
        "to": "DINNER"
      },
      {
        "fromBlank": false,
        "fromError": false,
        "from": [
          "LUNCH",
          "lunch",
          "Lunch",
          "[LUNCH]",
          "(?LUNCH?)",
          "LUNCH;",
          "[LUNCH?]",
          "(LUNCH)",
          "LUNCH (?)",
          "LUNCH."
        ],
        "to": "LUNCH"
      },
      {
        "fromBlank": false,
        "fromError": false,
        "from": [
          "BREAKFAST",
          "Breakfast",
          "breakfast",
          "[BREAKFAST]",
          "BREAKFAST;",
          "BREAKFAST (?)",
          "BREAKFAST(?)",
          "[BREAKFAST ?]"
        ],
        "to": "BREAKFAST"
      },
      {
        "fromBlank": false,
        "fromError": false,
        "from": [
          "DAILY MENU",
          "daily menu",
          "Daily menu",
          "(DAILY MENU)",
          "DAILY MENU;",
          "[DAILY MENU?]",
          "[DAILY] MENU"
        ],
        "to": "DAILY MENU"
      },
      {
        "fromBlank": false,
        "fromError": false,
        "from": [
          "SUPPER",
          "supper",
          "SUPPER (?)",
          "SUPPER(?)",
          "Supper",
          "SUPPER;"
        ],
        "to": "SUPPER"
      },
      {
        "fromBlank": false,
        "fromError": false,
        "from": [
          "LUNCHEON",
          "[LUNCHEON]",
          "LUNCHEON;",
          "Luncheon",
          "luncheon"
        ],
        "to": "LUNCHEON"
      },
      {
        "fromBlank": false,
        "fromError": false,
        "from": [
          "Afternoon tea",
          "AFTERNOON TEA",
          "afternoon tea",
          "afternoon tea ["
        ],
        "to": "AFTERNOON TEA"
      },
      {
        "fromBlank": false,
        "fromError": false,
        "from": [
          "WINE LIST",
          "wine list",
          "WINE LIST;",
          "Wine list"
        ],
        "to": "WINE LIST"
      },
      {
        "fromBlank": false,
        "fromError": false,
        "from": [
          "TABLE D'HOTE DINNER",
          "DINNER TABLE D'HOTE",
          "TABLE d'HOTE DINNER"
        ],
        "to": "TABLE D'HOTE DINNER"
      },
      {
        "fromBlank": false,
        "fromError": false,
        "from": [
          "CARTE DU JOUR",
          "(CARTE DU JOUR)",
          "CARTE DU JOUR;"
        ],
        "to": "CARTE DU JOUR"
      },
      {
        "fromBlank": false,
        "fromError": false,
        "from": [
          "LUNCH & DINNER",
          "lunch; dinner",
          "[?DINNER? - LUNCH?]"
        ],
        "to": "LUNCH & DINNER"
      },
      {
        "fromBlank": false,
        "fromError": false,
        "from": [
          "FRUHSTUCK-BREAKFAST",
          "FRUHSTUCK/BREAKFAST",
          "FRUHSTUCK/BREAKFAST;"
        ],
        "to": "FRUHSTUCK-BREAKFAST"
      },
      {
        "fromBlank": false,
        "fromError": false,
        "from": [
          "DAILY MENU, DINNER",
          "DAILY DINNER MENU",
          "DAILY MENU; DINNER"
        ],
        "to": "DAILY MENU, DINNER"
      },
      {
        "fromBlank": false,
        "fromError": false,
        "from": [
          "DINNER A LA CARTE",
          "a la carte; dinner",
          "dinner; a la carte"
        ],
        "to": "DINNER A LA CARTE"
      },
      {
        "fromBlank": false,
        "fromError": false,
        "from": [
          "MENU",
          "Menu",
          "MENU;"
        ],
        "to": "MENU"
      },
      {
        "fromBlank": false,
        "fromError": false,
        "from": [
          "DAILY LUNCH MENU",
          "DAILY MENU, LUNCH",
          "DAILY MENU; LUNCH"
        ],
        "to": "DAILY LUNCH MENU"
      },
      {
        "fromBlank": false,
        "fromError": false,
        "from": [
          "ANNUAL DINNER",
          "Annual Dinner",
          "[ANNUAL DINNER?]"
        ],
        "to": "ANNUAL DINNER"
      },
      {
        "fromBlank": false,
        "fromError": false,
        "from": [
          "DINNER MENU",
          "Dinner Menu",
          "Dinner menu"
        ],
        "to": "DINNER MENU"
      },
      {
        "fromBlank": false,
        "fromError": false,
        "from": [
          "LUNCH OR DINNER",
          "DINNER OR LUNCH",
          "LUNCH &/OR DINNER"
        ],
        "to": "LUNCH OR DINNER"
      },
      {
        "fromBlank": false,
        "fromError": false,
        "from": [
          "ANNIVERSARY DINNER",
          "ANNIVERSARY DINNER?",
          "ANNIVERSARY [DINNER]"
        ],
        "to": "ANNIVERSARY DINNER"
      },
      {
        "fromBlank": false,
        "fromError": false,
        "from": [
          "MITTAGESSEN",
          "MITTAG-ESSEN",
          "MITTAGESSEN;"
        ],
        "to": "MITTAGESSEN"
      },
      {
        "fromBlank": false,
        "fromError": false,
        "from": [
          "INSPECTION TRIP - LUNCHEON",
          "INSPECTION TRIP, LUNCHEON",
          "INSPECTION TRIP, LUNCHEON;"
        ],
        "to": "INSPECTION TRIP - LUNCHEON"
      },
      {
        "fromBlank": false,
        "fromError": false,
        "from": [
          "A LA CARTE",
          "a la carte",
          "a la Carte"
        ],
        "to": "A LA CARTE"
      },
      {
        "fromBlank": false,
        "fromError": false,
        "from": [
          "BANQUET AND RECEPTION",
          "reception and banquet"
        ],
        "to": "BANQUET AND RECEPTION"
      },
      {
        "fromBlank": false,
        "fromError": false,
        "from": [
          "DINNER - SECOND CABIN",
          "DINNER SECOND CABIN"
        ],
        "to": "DINNER - SECOND CABIN"
      },
      {
        "fromBlank": false,
        "fromError": false,
        "from": [
          "INSPECTION TRIP, DINNER",
          "INSPECTION TRIP, DINNER;"
        ],
        "to": "INSPECTION TRIP, DINNER"
      },
      {
        "fromBlank": false,
        "fromError": false,
        "from": [
          "MITTAGESSEN/DINNER",
          "MITTAGESSEN[DINNER]"
        ],
        "to": "MITTAGESSEN/DINNER"
      },
      {
        "fromBlank": false,
        "fromError": false,
        "from": [
          "LUNCH MENU",
          "Lunch menu"
        ],
        "to": "LUNCH MENU"
      },
      {
        "fromBlank": false,
        "fromError": false,
        "from": [
          "DINNER,SECOND CABIN",
          "DINNER-SECOND CABIN"
        ],
        "to": "DINNER,SECOND CABIN"
      },
      {
        "fromBlank": false,
        "fromError": false,
        "from": [
          "REUNION",
          "[?REUNION?]"
        ],
        "to": "REUNION"
      },
      {
        "fromBlank": false,
        "fromError": false,
        "from": [
          "LUNCHEON TABLE D'HOTE",
          "TABLE D'HOTE LUNCHEON"
        ],
        "to": "LUNCHEON TABLE D'HOTE"
      },
      {
        "fromBlank": false,
        "fromError": false,
        "from": [
          "Tea Menu",
          "tea menu"
        ],
        "to": "TEA MENU"
      },
      {
        "fromBlank": false,
        "fromError": false,
        "from": [
          "LADIES NIGHT",
          "LADIES' NIGHT"
        ],
        "to": "LADIES NIGHT"
      },
      {
        "fromBlank": false,
        "fromError": false,
        "from": [
          "BREAKFAST AND SUPPER",
          "SUPPER  AND BREAKFAST"
        ],
        "to": "BREAKFAST AND SUPPER"
      },
      {
        "fromBlank": false,
        "fromError": false,
        "from": [
          "LUNCHEON MENU",
          "Luncheon Menu"
        ],
        "to": "LUNCHEON MENU"
      },
      {
        "fromBlank": false,
        "fromError": false,
        "from": [
          "LUNCH A LA CARTE",
          "Lunch A La Carte"
        ],
        "to": "LUNCH A LA CARTE"
      },
      {
        "fromBlank": false,
        "fromError": false,
        "from": [
          "Room service",
          "room service"
        ],
        "to": "ROOM SERVICE"
      },
      {
        "fromBlank": false,
        "fromError": false,
        "from": [
          "WEDDING(?)",
          "wedding"
        ],
        "to": "WEDDING"
      },
      {
        "fromBlank": false,
        "fromError": false,
        "from": [
          "RECEPTION",
          "[RECEPTION]"
        ],
        "to": "RECEPTION"
      },
      {
        "fromBlank": false,
        "fromError": false,
        "from": [
          "WASHINGTON'S BIRTHDAY BANQUET",
          "BANQUET (WASHINGTON'S BIRTHDAY?)"
        ],
        "to": "WASHINGTON'S BIRTHDAY BANQUET"
      },
      {
        "fromBlank": false,
        "fromError": false,
        "from": [
          "ABEND-ESSEN",
          "ABENDESSEN"
        ],
        "to": "ABEND-ESSEN"
      },
      {
        "fromBlank": false,
        "fromError": false,
        "from": [
          "BANQUET",
          "Banquet"
        ],
        "to": "BANQUET"
      },
      {
        "fromBlank": false,
        "fromError": false,
        "from": [
          "Breakfast (?) Held By Nordeutscher Lloyd Bremen At On Board The Ss George Washington",
          "Breakfast  Held By Nordeutscher Lloyd Bremen At On Board The Ss George Washington"
        ],
        "to": "Breakfast (?) Held By Nordeutscher Lloyd Bremen At On Board The Ss George Washington"
      },
      {
        "fromBlank": false,
        "fromError": false,
        "from": [
          "DINER",
          "[DINER]"
        ],
        "to": "DINER"
      },
      {
        "fromBlank": false,
        "fromError": false,
        "from": [
          "LUNCH AND DINNER",
          "lunch and dinner"
        ],
        "to": "LUNCH AND DINNER"
      },
      {
        "fromBlank": false,
        "fromError": false,
        "from": [
          "DINNER TO ABOVE",
          "DINNER TO ABOVE;"
        ],
        "to": "DINNER TO ABOVE"
      },
      {
        "fromBlank": false,
        "fromError": false,
        "from": [
          "DAILY LUNCH;",
          "DAILY LUNCH"
        ],
        "to": "DAILY LUNCH;"
      },
      {
        "fromBlank": false,
        "fromError": false,
        "from": [
          "LUNCHEON A LA CARTE",
          "LUNCHEON, A LA CARTE"
        ],
        "to": "LUNCHEON A LA CARTE"
      },
      {
        "fromBlank": false,
        "fromError": false,
        "from": [
          "LINCOLN'S BIRTHDAY DINNER",
          "DINNER, LINCOLNS BIRTHDAY"
        ],
        "to": "LINCOLN'S BIRTHDAY DINNER"
      },
      {
        "fromBlank": false,
        "fromError": false,
        "from": [
          "NEW YEAR'S DINNER",
          "NEW YEARS DINNER"
        ],
        "to": "NEW YEAR'S DINNER"
      },
      {
        "fromBlank": false,
        "fromError": false,
        "from": [
          "FIFTH ANNUAL DINNER",
          "DINNER, FIFTH ANNUAL"
        ],
        "to": "FIFTH ANNUAL DINNER"
      },
      {
        "fromBlank": false,
        "fromError": false,
        "from": [
          "ST. VALENTINE'S DAY DINNER",
          "ST. VALENTINES DAY DINNER"
        ],
        "to": "ST. VALENTINE'S DAY DINNER"
      },
      {
        "fromBlank": false,
        "fromError": false,
        "from": [
          "FRUHSTUCK/LUNCH",
          "FRUHSTUCK-LUNCH"
        ],
        "to": "FRUHSTUCK/LUNCH"
      },
      {
        "fromBlank": false,
        "fromError": false,
        "from": [
          "TESTIMONIAL DINNER",
          "Testimonial Dinner"
        ],
        "to": "TESTIMONIAL DINNER"
      },
      {
        "fromBlank": false,
        "fromError": false,
        "from": [
          "NEW YEAR'S DAY DINNER",
          "NEW YEARS DAY DINNER"
        ],
        "to": "NEW YEAR'S DAY DINNER"
      },
      {
        "fromBlank": false,
        "fromError": false,
        "from": [
          "EIGHTH ANNUAL BANQUET",
          "EIGHTH ANNUAL BANQUET'"
        ],
        "to": "EIGHTH ANNUAL BANQUET"
      },
      {
        "fromBlank": false,
        "fromError": false,
        "from": [
          "DAILY MENU, BREAKFAST",
          "DAILY BREAKFAST MENU"
        ],
        "to": "DAILY MENU, BREAKFAST"
      },
      {
        "fromBlank": false,
        "fromError": false,
        "from": [
          "BREAKFAST MENU",
          "Breakfast Menu"
        ],
        "to": "BREAKFAST MENU"
      },
      {
        "fromBlank": false,
        "fromError": false,
        "from": [
          "DAILY MENU, LUNCHEON",
          "DAILY LUNCHEON MENU"
        ],
        "to": "DAILY MENU, LUNCHEON"
      },
      {
        "fromBlank": false,
        "fromError": false,
        "from": [
          "Daily",
          "DAILY"
        ],
        "to": "DAILY MENU"
      },
      {
        "fromBlank": false,
        "fromError": false,
        "from": [
          "PRIVATE DINNER",
          "[PRIVATE DINNER?]"
        ],
        "to": "PRIVATE DINNER"
      },
      {
        "fromBlank": false,
        "fromError": false,
        "from": [
          "INSPECTION TRIP, BREAKFAST",
          "INSPECTION TRIP - BREAKFAST"
        ],
        "to": "INSPECTION TRIP, BREAKFAST"
      },
      {
        "fromBlank": false,
        "fromError": false,
        "from": [
          "SUPPER MENU",
          "Supper Menu"
        ],
        "to": "SUPPER MENU"
      },
      {
        "fromBlank": false,
        "fromError": false,
        "from": [
          "MITTAGESSEN - DINNER",
          "MITTAGESSEN [DINNER]"
        ],
        "to": "MITTAGESSEN - DINNER"
      },
      {
        "fromBlank": false,
        "fromError": false,
        "from": [
          "LUNCH-DINNER",
          "LUNCH;DINNER"
        ],
        "to": "LUNCH-DINNER"
      },
      {
        "fromBlank": false,
        "fromError": false,
        "from": [
          "MIDDAG/DINNER",
          "MIDDAG-DINNER"
        ],
        "to": "MIDDAG/DINNER"
      },
      {
        "fromBlank": false,
        "fromError": false,
        "from": [
          "DAILY BILL OF FARE",
          "DAILY BILL OF FARE;"
        ],
        "to": "DAILY BILL OF FARE"
      },
      {
        "fromBlank": false,
        "fromError": false,
        "from": [
          "FOURTH ANNUAL DINNER",
          "Fourth Annual Dinner"
        ],
        "to": "FOURTH ANNUAL DINNER"
      }
    ]
  },
  {
    "op": "core/mass-edit",
    "description": "Mass edit cells in column venue",
    "engineConfig": {
      "mode": "row-based",
      "facets": []
    },
    "columnName": "venue",
    "expression": "value",
    "edits": [
      {
        "fromBlank": false,
        "fromError": false,
        "from": [
          "SOC;",
          "SOC",
          "[SOC?];",
          "SOC(?);",
          "SOC.",
          "[SOC]",
          "SOC?;",
          "(SOC);",
          "(SOC?)",
          "(SOC?);",
          "SOC (?);",
          "SOC(?):",
          "[?SOC];",
          "[SOC;]",
          "[SOC?]",
          "[SOC];"
        ],
        "to": "SOC"
      },
      {
        "fromBlank": false,
        "fromError": false,
        "from": [
          "GOVT;",
          "GOVT(?);",
          "GOV'T;",
          "[GOVT?];",
          "GOV'T",
          "GOV'T.",
          "GOVT",
          "GOVT?;",
          "[GOVT?]",
          "[GOVT];"
        ],
        "to": "GOVT"
      },
      {
        "fromBlank": false,
        "fromError": false,
        "from": [
          "COM",
          "COM.",
          "[COM]",
          "(COM?);",
          "COM(?);",
          "COM.;",
          "[COM?];",
          "[COM}"
        ],
        "to": "COM"
      },
      {
        "fromBlank": false,
        "fromError": false,
        "from": [
          "PROF;",
          "PROF",
          "PROF(?);",
          "PROF.",
          "PROF?;",
          "[PROF?];",
          "[PROF]"
        ],
        "to": "PROF"
      },
      {
        "fromBlank": false,
        "fromError": false,
        "from": [
          "EDUC;",
          "EDUC",
          "EDUC (?);",
          "[EDUC];",
          "(EDUC);",
          "[EDUC?];"
        ],
        "to": "EDUC"
      },
      {
        "fromBlank": false,
        "fromError": false,
        "from": [
          "POL;",
          "POL",
          "[POL]",
          "POL.;",
          "[POL?);",
          "[POL?]"
        ],
        "to": "POL"
      },
      {
        "fromBlank": false,
        "fromError": false,
        "from": [
          "NAV;",
          "NAV; (?)",
          "NAV.",
          "NAV",
          "NAV(?);"
        ],
        "to": "NAV"
      },
      {
        "fromBlank": false,
        "fromError": false,
        "from": [
          "MIL;",
          "MIL",
          "MIL (?);",
          "MIL.",
          "[MIL?];"
        ],
        "to": "MIL"
      },
      {
        "fromBlank": false,
        "fromError": false,
        "from": [
          "OTHER;(PRIVATE);",
          "OTHER,(PRIVATE);",
          "OTHER,PRIVATE",
          "OTHER;PRIVATE;",
          "[OTHER;PRIVATE];"
        ],
        "to": "OTHER (PRIVATE)"
      },
      {
        "fromBlank": false,
        "fromError": false,
        "from": [
          "PATR;",
          "PATR",
          "PATR(?);",
          "PATR."
        ],
        "to": "PATR"
      },
      {
        "fromBlank": false,
        "fromError": false,
        "from": [
          "COMM",
          "COMM.",
          "COMM;",
          "COMM;."
        ],
        "to": "COMM"
      },
      {
        "fromBlank": false,
        "fromError": false,
        "from": [
          "OTHER (PRIVATE PARTY);",
          "OTHER (PRIVATE PARTY)",
          "OTHER (PRIVATE PARTY?)",
          "OTHER (PRIVATE PARTY?);"
        ],
        "to": "OTHER (PRIVATE)"
      },
      {
        "fromBlank": false,
        "fromError": false,
        "from": [
          "RELIG;",
          "RELIG",
          "RELIG?;"
        ],
        "to": "RELIG;"
      },
      {
        "fromBlank": false,
        "fromError": false,
        "from": [
          "OTHER (PRIVATE CLUB)",
          "OTHER (PRIVATE CLUB);",
          "OTHER [PRIVATE CLUB?]"
        ],
        "to": "OTHER (PRIVATE)"
      },
      {
        "fromBlank": false,
        "fromError": false,
        "from": [
          "GOV;",
          "GOV.",
          "[GOV];"
        ],
        "to": "GOV"
      },
      {
        "fromBlank": false,
        "fromError": false,
        "from": [
          "NAVAL",
          "NAVAL;",
          "[NAVAL]"
        ],
        "to": "NAVAL"
      },
      {
        "fromBlank": false,
        "fromError": false,
        "from": [
          "SOCIAL",
          "SOCIAL;",
          "(SOCIAL?)"
        ],
        "to": "SOCIAL"
      },
      {
        "fromBlank": false,
        "fromError": false,
        "from": [
          "?",
          "[?]"
        ],
        "to": ""
      },
      {
        "fromBlank": false,
        "fromError": false,
        "from": [
          "POL; SOC;",
          "SOC; POL;"
        ],
        "to": "POL; SOC;"
      },
      {
        "fromBlank": false,
        "fromError": false,
        "from": [
          "OTHER (CLUB);",
          "OTHER (CLUB)"
        ],
        "to": "OTHER (PRIVATE)"
      },
      {
        "fromBlank": false,
        "fromError": false,
        "from": [
          "SOCIAL CLUB",
          "SOCIAL CLUB?"
        ],
        "to": "SOCIAL CLUB"
      },
      {
        "fromBlank": false,
        "fromError": false,
        "from": [
          "OTHER",
          "OTHER;"
        ],
        "to": "OTHER"
      },
      {
        "fromBlank": false,
        "fromError": false,
        "from": [
          "OTHER;(PERSONAL);",
          "OTHER(PERSONAL);"
        ],
        "to": "OTHER (PERSONAL)"
      },
      {
        "fromBlank": false,
        "fromError": false,
        "from": [
          "FOREIGN",
          "FOREIGN;"
        ],
        "to": "FOREIGN"
      },
      {
        "fromBlank": false,
        "fromError": false,
        "from": [
          "OTHER (PRIVATE);",
          "OTHER [PRIVATE];"
        ],
        "to": "OTHER (PRIVATE)"
      },
      {
        "fromBlank": false,
        "fromError": false,
        "from": [
          "MILITARY",
          "[MILITARY]"
        ],
        "to": "MILITARY"
      },
      {
        "fromBlank": false,
        "fromError": false,
        "from": [
          "PAT;",
          "PAT"
        ],
        "to": "PAT"
      },
      {
        "fromBlank": false,
        "fromError": false,
        "from": [
          "(EDUCATIONAL)",
          "EDUCATIONAL;"
        ],
        "to": "EDUC"
      },
      {
        "fromBlank": false,
        "fromError": false,
        "from": [
          "PATRIOTIC",
          "PATRIOTIC?"
        ],
        "to": "PATRIOTIC"
      },
      {
        "fromBlank": false,
        "fromError": false,
        "from": [
          "PRIVATE;",
          "(PRIVATE);"
        ],
        "to": "OTHER (PRIVATE)"
      },
      {
        "fromBlank": false,
        "fromError": false,
        "from": [
          "PRIVATE PARTY",
          "PRIVATE PARTY;"
        ],
        "to": "OTHER (PRIVATE)"
      }
    ]
  },
  {
    "op": "core/text-transform",
    "description": "Text transform on cells in column date using expression grel:toString(toDate(value),\"MM/dd/yyyy\")",
    "engineConfig": {
      "mode": "row-based",
      "facets": []
    },
    "columnName": "date",
    "expression": "grel:toString(toDate(value),\"MM/dd/yyyy\")",
    "onError": "keep-original",
    "repeat": false,
    "repeatCount": 10
  },
  {
    "op": "core/column-addition",
    "description": "Create column URL at index 1 based on column id using expression grel:\"http://api.menus.nypl.org/dishes/\" + value",
    "engineConfig": {
      "mode": "row-based",
      "facets": []
    },
    "newColumnName": "URL",
    "columnInsertIndex": 1,
    "baseColumnName": "id",
    "expression": "grel:\"http://api.menus.nypl.org/dishes/\" + value",
    "onError": "set-to-blank"
  },
  {
    "op": "core/column-split",
    "description": "Split column place by separator",
    "engineConfig": {
      "mode": "row-based",
      "facets": []
    },
    "columnName": "place",
    "guessCellType": true,
    "removeOriginalColumn": true,
    "mode": "separator",
    "separator": ",",
    "regex": false,
    "maxColumns": 0
  },
  {
    "op": "core/column-rename",
    "description": "Rename column place 1 to street",
    "oldColumnName": "place 1",
    "newColumnName": "street"
  },
  {
    "op": "core/column-rename",
    "description": "Rename column place 2 to city",
    "oldColumnName": "place 2",
    "newColumnName": "city"
  },
  {
    "op": "core/column-rename",
    "description": "Rename column place 3 to state",
    "oldColumnName": "place 3",
    "newColumnName": "state"
  },
  {
    "op": "core/column-rename",
    "description": "Rename column place 4 to country",
    "oldColumnName": "place 4",
    "newColumnName": "country"
  }
]